Run Index,Alpha_a,Alpha_W_a,Q_Init,N_Tilings,S_Intervals,Superlative EETDR,Superlative 95HW,SP95LB,Mean Max EETDR,Mean Max 95ME,Mean Time-Avg EETDR,Mean Time-Avg 95ME,Wallclock,Algorithm Score
0.0,0.4966500179986119,0.20841269574609905,0.7749801136396955,0.24479901853798136,0.2778308030320114,-114.70774032343375,10.331563335913362,-125.03930365934711,-209.38741505160115,27.395320227589355,-348.19258046801804,66.10317123817283,115.49406467699919,-307.78794184999066
1.0,0.215,0.265,0.695,0.045,0.195,-126.66539485782071,11.298707073797479,-137.9641019316182,-188.7156076376827,34.03705964616588,-345.2944252411984,51.61754832921568,90.6436088169994,-292.41638979847477
2.0,0.565,0.425,0.615,0.495,0.075,-48.054462381311005,9.944178137941138,-57.99864051925214,-152.4714466310017,66.4073411851716,-230.81869867762308,69.11601954138844,107.08643991899953,-251.3011599773086
3.0,0.185,0.465,0.915,0.435,0.305,-123.03327296061605,18.531908618469046,-141.5651815790851,-151.70329542302218,36.17641241514804,-288.83593239661224,53.19458510750494,255.50529609799923,-249.54003170454902
4.0,0.335,0.385,0.905,0.285,0.625,-184.05976361353262,15.865259322147388,-199.92502293568,-207.41932118545134,15.683466687520195,-313.2718618493374,28.83181082973126,110.87207967199902,-270.7031417954104
5.0,0.425,0.075,0.265,0.365,0.225,-105.53818833892356,8.907272977273738,-114.4454613161973,-217.47978981187157,48.11038757449376,-350.90932824296453,51.72065092593846,123.75452661200143,-320.4060980993804
6.0,0.42719549193881834,0.9440900177611073,0.6777114960971642,0.6710570986633719,0.6666079335171192,-84.7919182828112,13.666781719283984,-98.45870000209518,-107.78462044561243,21.086727408049864,-195.02450264573147,27.60003122460334,230.96185077700102,-166.3726222603313
7.0,0.275,0.455,0.885,0.635,0.825,-165.76962013170595,14.240652774694635,-180.0102729064006,-203.5631818304994,18.644269695794144,-287.5462824066699,23.654357283472773,272.0747157670012,-257.8047267918332
8.0,0.925,0.405,0.195,0.895,0.575,-184.6659190010045,17.20070468151858,-201.86662368252308,-232.11615870130927,31.2033786821032,-327.4471384907056,28.777684949207096,251.08995303099982,-300.48165180601256
9.0,0.715,0.565,0.865,0.795,0.295,-89.5824439393765,22.107964581168968,-111.69040852054547,-169.81295406932338,56.6018861569252,-272.2063998684789,58.077519143471456,230.61270938599955,-267.9624717405293
10.0,0.025,0.205,0.055,0.015,0.035,-83.44173277373233,11.088926884432945,-94.53065965816528,-169.71282871894175,42.3593162441235,-396.4395465344111,94.18286048410775,195.6137839080002,-323.4922497852467
11.0,0.255,0.065,0.165,0.155,0.135,-128.2799727922341,10.92174455287818,-139.20171734511229,-261.3048058729729,67.32455268007848,-414.2921314493245,67.26218357424192,129.24601003899988,-389.7993411412574
12.0,0.245,0.635,0.115,0.585,0.155,-85.25934923706461,16.457919642327653,-101.71726887939226,-107.01650416892264,21.010561188805152,-241.14258848488316,29.676323818661654,174.64467344399964,-185.1438041360546
13.0,0.525,0.245,0.465,0.855,0.095,-104.09775705664168,8.947284952549197,-113.04504200919088,-166.46802848783835,48.077385280333786,-283.755810092534,61.28544716079121,128.44953174900002,-266.74375116223337
14.0,0.815,0.415,0.335,0.205,0.005,-130.3988683860057,7.503810896351582,-137.90267928235727,-256.6180127117955,62.413186858462225,-411.65798038489066,69.94766893575262,97.12863884300168,-384.0609794704119
15.0,0.995,0.975,0.835,0.465,0.465,-99.71100157781575,8.546606806878684,-108.25760838469444,-170.87067870358283,33.46720173729406,-250.7632020082696,39.02553753735108,106.08721698000045,-238.5182240827744
16.0,0.515,0.725,0.775,0.675,0.905,-114.55977831101939,13.87835485343096,-128.43813316445033,-143.68746346062633,11.173485832418342,-233.50340456268836,19.773053109444078,158.13622923500043,-194.2271526446798
17.0,0.6772879150982616,0.3703797944165182,0.4897141465481752,0.36579054836328323,0.46444702573737884,-102.81318090657177,10.915533817374182,-113.72871472394596,-185.46466863097194,43.25348051064047,-288.9069102296423,50.62506916721585,111.76648810500046,-273.0436812437107
18.0,0.045,0.535,0.985,0.485,0.635,-164.33380370783377,19.283202194025726,-183.6170059018595,-187.32847629300164,15.750324591594243,-274.92477646647734,17.317840348365607,119.03689789800046,-238.7443272566947
19.0,0.975,0.505,0.395,0.745,0.385,-137.0553061451865,10.837380926004627,-147.89268707119112,-199.5818223253021,38.47491409016364,-314.9316491708265,41.027183576850526,115.26378923599987,-285.21757494835026
20.0,0.945,0.955,0.715,0.095,0.965,-132.350375681934,13.221083805171528,-145.57145948710553,-171.04902037927613,11.850154770723655,-229.85336327476043,28.220365891423388,85.20535631899838,-212.9689967564734
21.0,0.375,0.475,0.365,0.135,0.085,-64.51934689316089,12.299095492163305,-76.81844238532419,-131.60582994178534,30.372715624408766,-277.64801136814447,31.63327387241455,155.5805913990007,-220.89964143594005
22.0,0.285,0.435,0.995,0.025,0.125,-70.7192018881292,13.074617399129194,-83.7938192872584,-119.92534942062669,34.14135757055619,-240.89408777351755,56.54075082832462,98.8386084169997,-211.4139596354466
23.0,0.805,0.695,0.595,0.865,0.835,-129.0485271681645,11.749598170824338,-140.79812533898883,-187.23109616776355,21.503350619853602,-265.03399328311906,32.39387349470977,144.47466730999986,-244.21181478370184
24.0,0.075,0.165,0.155,0.505,0.665,-165.04186984297002,17.842932523171417,-182.88480236614143,-216.16683616639244,25.17344617197277,-309.5880879890161,31.830013299316636,258.77156272200045,-281.37140991835224
25.0,0.575,0.185,0.105,0.235,0.525,-149.689446514662,15.373001545980058,-165.06244806064205,-195.78379753902635,19.157148792881234,-307.9030319886141,32.74293835813574,99.00236240999948,-265.22295593784446
26.0,0.795,0.255,0.005,0.255,0.935,-144.72854767240824,16.91209716281215,-161.6406448352204,-187.34104645649927,26.67179762061392,-265.5065129903862,34.73130339326962,205.5244346010004,-248.50283299973023
27.0,0.19879037096451418,0.30877651563458897,0.6016626718789098,0.7231342344108039,0.5395693559137118,-142.83231965210106,16.544478475674328,-159.3767981277754,-212.5621550564425,27.26815876175896,-331.35131146830264,36.34067056488852,143.95900300499852,-290.97498110419735
28.0,0.765,0.575,0.225,0.915,0.655,-127.14736131738564,12.106377321344835,-139.25373863873048,-191.2179695220033,31.272896438023682,-287.82834367576163,30.302940995727205,139.80869876399993,-260.7470334446117
29.0,0.785,0.155,0.925,0.515,0.065,-64.09413875938664,11.67984945866398,-75.77398821805062,-244.06884067730698,57.87280717465721,-375.1287108396504,73.33255456860583,93.36259389799852,-360.549494874481
30.0,0.44614716056153386,0.47699780628063687,0.07381653174866985,0.5131236143883748,0.6056143216086397,-142.82839181807435,18.444253587798343,-161.2726454058727,-184.78924520945475,28.402945459003536,-303.47608480329393,31.713432960486582,131.68175926600088,-261.9911215065872
31.0,0.005,0.705,0.145,0.555,0.785,-138.54158750250681,16.102247300704704,-154.64383480321152,-155.3906986020601,9.26171542573027,-231.72198258072999,8.584105775796624,143.8759066900002,-194.91388375928486
32.0,0.865,0.715,0.505,0.355,0.985,-158.01146709929208,18.28181996157643,-176.29328706086852,-199.2039330024638,29.4265431494376,-261.3831843078819,27.504078502956304,214.48645961900002,-252.73319081547612
33.0,0.3603408450599368,0.3854065079294856,0.32760897497015073,0.778428113754159,0.5474948848661866,-175.04851901535548,20.28719881572097,-195.33571783107647,-216.64335268144274,32.282504525915314,-324.22895847098636,26.124214923106678,213.72053751299973,-289.49678368205207
34.0,0.105,0.095,0.345,0.445,0.275,-186.62635775120611,13.87103816558336,-200.4973959167895,-235.85711954075177,30.85548426336163,-369.40747538850536,33.9875798549436,117.16579244000059,-321.3855843798476
35.0,0.295,0.925,0.555,0.335,0.565,-82.02641185486146,9.822004795333465,-91.84841665019493,-88.7613909997614,11.453086962482109,-184.58910822651703,15.55801037656729,255.2595882049991,-140.18753421857986
36.0,0.705,0.315,0.045,0.925,0.315,-123.26760867319511,9.963994292717695,-133.2316029659128,-229.7664702470182,50.03987369612354,-352.12591210683195,39.66311148667537,254.08303578599953,-324.5994158032879
37.0,0.5594979773079186,0.0750240651372332,0.5147698096731278,0.009765912439533037,0.43458683233586076,-124.26560654946071,13.04954735152814,-137.31515390098886,-216.5433380504051,39.26350900438634,-312.2365212674345,52.82064607647262,87.62261421399853,-299.5069751704377
38.0,0.175,0.775,0.065,0.475,0.285,-76.25653362404194,13.30251377547905,-89.55904739952098,-93.58719815182069,17.36957040568295,-194.1381873008348,20.860245412794356,275.98906811099914,-152.57343421995384
39.0,0.395,0.965,0.125,0.845,0.335,-73.62727333377747,11.216727135630684,-84.84400046940814,-105.34737373180936,16.492692106342492,-221.5962246903031,23.047140085424243,284.7097518130013,-170.96138541318203
40.0,0.915,0.645,0.035,0.065,0.875,-151.2954138370817,19.26353508549155,-170.55894892257325,-197.93724979397157,11.5521934412118,-280.92277903735214,27.20914252950944,98.0531103659996,-248.94643456785468
41.0,0.405,0.335,0.205,0.005,0.455,-131.07088286243908,12.546710358246452,-143.61759322068554,-190.8892192558132,37.56712062431091,-301.830310345279,54.98887057712048,106.76024499899904,-279.80147629703424
42.0,0.895,0.035,0.845,0.055,0.555,-124.16516777271053,17.317142149700587,-141.4823099224111,-184.43867946766045,23.077811316752424,-311.62763762770993,46.12849187256462,89.55842727699928,-267.61234627075754
43.0,0.055,0.295,0.685,0.535,0.845,-158.02216190782053,15.650733588960694,-173.67289549678122,-201.8184091200009,21.12613171972219,-305.6593714715008,27.388619319049656,127.77766606099976,-266.98592082005405
44.0,0.623215493365231,0.16183427481560922,0.5129625230189037,0.760395238659276,0.8872825204696609,-164.90964421312646,17.933330748457173,-182.84297496158362,-192.23714367596315,24.280706529361485,-293.2903460335075,27.504725076866944,134.45713510299902,-258.2287385673445
45.0,0.015,0.675,0.025,0.325,0.645,-108.23560668116073,10.342342960661021,-118.57794964182176,-130.86560865812262,19.28771689643261,-221.16559771256684,14.2783558072109,126.62926332200004,-184.26957674064423
46.0,0.955,0.835,0.875,0.125,0.885,-135.04106212674478,13.059089185634791,-148.10015131237958,-193.5485110143225,27.80931456759434,-267.5711486955373,39.07065519033767,86.34074952099945,-255.47141690350009
47.0,0.845,0.085,0.675,0.995,0.205,-131.16930155786724,7.386911437716651,-138.5562129955839,-252.47795698405093,44.65489972575082,-439.2656310685864,22.37538607590241,120.75690169900008,-362.9361208836766
48.0,0.635,0.545,0.575,0.985,0.705,-138.5412583767709,19.139339184484633,-157.68059756125555,-182.64224837383563,23.479193076711518,-268.3842859848043,33.316633025371985,168.13746544399874,-244.3532324743988
49.0,0.035,0.845,0.725,0.875,0.765,-126.74689496723673,12.996272359817812,-139.74316732705455,-126.27284648850453,8.507870557502711,-201.9239801005997,11.289733680857955,310.2347518890001,-166.15391574018741
50.0,0.835,0.825,0.255,0.225,0.945,-144.2878844418069,12.387711140493124,-156.67559558230005,-172.91245966330763,18.07845301887555,-236.0770062428191,25.72738024918982,201.68195399199976,-219.3163022061135
51.0,0.935,0.985,0.805,0.775,0.535,-56.205154940776744,5.229557841680644,-61.43471278245739,-128.77179020394922,29.41026957257425,-207.03938189240154,35.48023624674408,118.86985483600074,-191.91708312157232
52.0,0.205,0.895,0.485,0.615,0.435,-62.40102013250508,17.113150357680635,-79.51417049018572,-91.0635546187131,17.20906624926276,-172.3783701824886,16.140608032757335,282.10532893300115,-140.37116380688389
53.0,0.875,0.275,0.385,0.385,0.955,-131.45963831097913,18.184613040755565,-149.64425135173468,-185.935405006361,16.965743604624045,-285.6157020752677,35.64947867199398,210.0186457869986,-250.2467614654957
54.0,0.435,0.875,0.965,0.395,0.145,-83.64421556561717,15.0863133298302,-98.73052889544738,-123.37143088431523,32.55731413119823,-250.69416474011524,26.85291196091845,180.9375016139984,-204.57607768972156
55.0,0.735,0.745,0.565,0.785,0.895,-119.54065947567783,13.85954317794486,-133.4002026536227,-160.69879833221734,20.011190575594824,-246.00191892091885,33.51290405418133,134.71437251799944,-220.23192253472735
56.0,0.356252434727102,0.18213704195788857,0.8551770909732501,0.790436605213807,0.39822510168268305,-162.80892537795455,15.390944165282594,-178.19986954323716,-247.64987037915662,38.855824476245594,-352.958427026765,40.00893787327636,146.38979914000083,-329.09036287325785
57.0,0.755,0.945,0.245,0.075,0.115,-68.29803644061835,9.664810954917447,-77.96284739553579,-142.20477793437453,31.765040715508505,-234.34637939026342,51.30087786609056,75.94479734999913,-218.64079409247142
58.0,0.235,0.025,0.815,0.405,0.185,-113.8719501119962,13.978479166245966,-127.85042927824216,-255.15268615560086,66.54848378773438,-421.56806013648,70.46011773350844,113.0120472009985,-389.8319731139965
59.0,0.965,0.865,0.455,0.825,0.595,-100.7189472708751,12.317510850462718,-113.03645812133783,-158.31787594513236,29.985260290665188,-232.36472933870922,39.53215147156415,155.02347320399895,-221.7406340655879
60.0,0.5615571223892697,0.1459572368454306,0.47053750375951187,0.7642136315115027,0.408910074690629,-116.84893373334646,9.376466953316864,-126.22540068666332,-184.65209713117048,43.25630146261683,-298.40651952944535,44.59537246543028,273.5163648630005,-273.9457959542226
61.0,0.155,0.045,0.635,0.665,0.815,-177.95583260828914,19.039189175192988,-196.99502178348212,-202.03222698053168,13.730962392802269,-302.8941855734631,18.840776207996193,276.8198768180009,-258.15189833658405
62.0,0.485,0.175,0.285,0.375,0.755,-167.76416820782603,16.13788643002501,-183.90205463785105,-214.36054273814025,18.20509765277441,-313.2905460723009,33.455464813248604,117.9434058679999,-278.23778858876864
63.0,0.555,0.815,0.355,0.805,0.615,-62.00158024316724,16.013137535101908,-78.01471777826914,-86.41035735489773,10.956311002057868,-175.79278612248947,11.255703100448457,152.85930396799995,-133.23939670334852
64.0,0.7289142460829494,0.6614740117651006,0.818011334941565,0.19284069680351457,0.5638056360809751,-105.08444009556162,5.82005700849391,-110.90449710405552,-178.30804527986808,27.618845205881705,-259.1093543099118,33.2088699337561,91.96673951100092,-240.48342398891702
65.0,0.095,0.905,0.525,0.715,0.245,-55.48478804548412,10.135968619547684,-65.6207566650318,-92.25223217308391,22.99501414806633,-204.9713194735983,26.68469977609091,348.63412987799893,-161.81075549256585
66.0,0.625,0.555,0.735,0.185,0.255,-96.98404364184745,9.923297933096787,-106.90734157494424,-139.92942539363312,19.005291205011964,-238.84372394894504,44.02228745789645,85.62741545999961,-208.50723452192364
67.0,0.315,0.665,0.955,0.315,0.425,-91.32659764800495,12.535546112442923,-103.86214376044788,-108.73364522129766,15.497048025223068,-199.83588344803795,19.588340740804455,117.54005892600071,-162.30810562344942
68.0,0.725,0.525,0.765,0.425,0.925,-158.8395309587968,16.448509207555112,-175.2880401663519,-200.6987748631859,18.032264402965424,-270.4984278371383,22.089185770367784,226.66173441499996,-248.27366900269323
69.0,0.165,0.285,0.655,0.415,0.995,-194.057883751572,19.6429247962507,-213.7008085478227,-197.10776211618375,21.239759217347366,-283.8839536430179,23.493320518974464,116.6730762010011,-253.95942246491563
70.0,0.445,0.115,0.945,0.175,0.855,-169.04308606914606,19.56985787943415,-188.6129439485802,-184.1224321160749,13.031819102611795,-287.06251105889066,17.53684785602518,120.41605014299967,-240.13229429717836
71.0,0.825,0.125,0.175,0.595,0.505,-147.33338601029106,13.762750502718443,-161.0961365130095,-231.98552460744204,39.920719257683494,-329.4970637797138,42.77574630091916,148.75321067499863,-312.05287035132847
72.0,0.675,0.145,0.095,0.245,0.045,-48.49517344060541,5.0224823139390065,-53.51765575454442,-180.56090461336618,66.87037875818754,-319.0285045283769,85.5944200355583,81.70564048599954,-310.3079398485063
73.0,0.35713770849877746,0.4071165973439678,0.16216108678272256,0.5056108474401082,0.19697295468864662,-117.71980544663846,20.336038433863997,-138.05584388050247,-146.48240063051938,39.39144747973738,-292.39894847971914,54.39288761073064,135.7012053670005,-250.241043302334
74.0,0.305,0.005,0.895,0.115,0.805,-181.87517650792242,18.29422760830635,-200.16940411622878,-191.06416389509417,12.663216001911278,-282.5098436515971,26.617208070985296,97.87667362499997,-245.88724862723623
75.0,0.585,0.105,0.705,0.145,0.695,-145.48334560638574,17.631400013693995,-163.11474562007973,-197.21896924293907,23.482306207538684,-287.8650288699535,30.84236758652136,205.3368457969991,-259.90372385287657
76.0,0.745,0.885,0.375,0.685,0.685,-53.54583991116579,12.583053989120351,-66.12889390028614,-105.94313373819969,35.9463066924518,-178.33865336869604,33.84424601590816,122.46820457400099,-170.00682401223258
77.0,0.885,0.625,0.445,0.705,0.675,-144.78942438252392,10.532225118877514,-155.32164950140142,-188.64330450736938,20.974173927365957,-301.30650795019864,39.99801951984392,113.96425695700054,-262.29229804885824
78.0,0.985,0.915,0.545,0.975,0.445,-83.84693759844976,18.256628795965437,-102.1035663944152,-130.9360560485351,28.423048091024835,-201.5255982715949,32.61923749983601,248.2387290000006,-189.27339679230835
79.0,0.545,0.805,0.975,0.565,0.915,-127.86097204753891,15.621881617644007,-143.48285366518292,-144.66460900643207,12.453555811576551,-230.66065039914628,22.046660554859265,128.820917604,-195.3538232724074
80.0,0.495,0.395,0.625,0.105,0.775,-145.28368780700055,14.20418715085353,-159.48787495785407,-198.43937118072307,10.916669846783774,-281.29031933723735,20.246277384883236,172.63692873800028,-246.22826330535233
81.0,0.065,0.655,0.415,0.765,0.795,-121.54036995533143,11.747164224193593,-133.287534179525,-162.71726474171822,17.59259350405892,-245.60390132270186,17.604033925119666,171.95281160100058,-213.4690890465949
82.0,0.905,0.605,0.535,0.905,0.165,-118.81985906904589,3.1947902556716947,-122.01464932471758,-168.91816972452915,46.352710503820305,-303.18389808400354,65.77176345615469,116.35690398400038,-276.74479275307294
83.0,0.115,0.195,0.135,0.195,0.475,-177.9855742083342,17.745838331064768,-195.73141253939897,-234.24054091675816,26.201991461050707,-313.4893487275982,30.4235649007224,111.82097294599953,-293.8306848780136
84.0,0.855,0.135,0.665,0.345,0.355,-178.99244947909443,22.589772512770967,-201.5822219918654,-243.66717993508365,31.71851755971923,-329.4313868229954,29.09724394361724,89.63803456999995,-308.64287080352676
85.0,0.415,0.615,0.435,0.955,0.265,-72.02258108732792,18.93357191411228,-90.9561530014402,-126.3433510354309,25.052480759127068,-249.8627630046687,28.00730029783759,166.5254041520002,-201.98552439773732
86.0,0.225,0.995,0.235,0.965,0.105,-82.28305782000938,20.72365351009493,-103.00671133010431,-155.44797501604344,29.598470224636944,-279.00162180427424,24.053181180218722,270.96950610800013,-232.2497883382054
87.0,0.195,0.055,0.305,0.945,0.025,-141.82459826319155,10.212963718660108,-152.03756198185167,-260.69792858197064,91.19832818713519,-420.73807789827316,89.55732292551046,245.08559501200034,-415.25591439097695
88.0,0.355,0.855,0.085,0.305,0.545,-29.086580058331407,8.370746461660424,-37.45732651999183,-92.27920801423106,22.760096913514765,-164.79391161729265,24.633027808495683,119.13221473300109,-144.79435872696286
89.0,0.7230848315962032,0.7041243710181156,0.245655594694666,0.4598824513138181,0.31738984178841967,-61.99552013085243,15.180567640050896,-77.17608777090332,-111.90344325021405,31.339914559674703,-215.56476879256508,42.42042580677477,197.46112210199863,-189.1400925256692
90.0,0.6510374019813805,0.2749495260645969,0.9167709291857703,0.7601503969309163,0.818369237972299,-132.5646573680221,13.186718061168545,-145.75137542919063,-210.4750990228368,31.184011464283795,-305.5166106512794,31.714570474492124,130.9773371600004,-279.88793874258096
91.0,0.125,0.585,0.475,0.735,0.215,-72.16448060443406,11.920598468449231,-84.08507907288329,-127.30872558474164,22.934146898070914,-258.82321861093607,36.43728946509243,225.53819552800087,-208.24992672009893
92.0,0.535,0.735,0.855,0.755,0.585,-74.28361150603058,12.6473256587075,-86.93093716473808,-116.64446440490103,21.986652200868008,-211.3487016576884,24.849294661810543,141.73883410000053,-177.657868491261
93.0,0.145,0.935,0.935,0.035,0.725,-161.55374478943716,21.58791289606883,-183.141657685506,-150.09510837760124,6.079510496875649,-213.14864484887647,5.236705895067444,126.38216601800013,-181.0589116222637
94.0,0.25598259083506036,0.650481398631197,0.4990377119519337,0.4167405298871702,0.8956719607351191,-133.46961995044487,16.176005388660172,-149.64562533910504,-182.03204686137715,18.71687463140633,-248.68026715925006,18.098149620303083,115.48662455799968,-227.16071960749133
95.0,0.665,0.015,0.075,0.165,0.055,-69.44208316572298,4.54623894984172,-73.9883221155647,-223.3435430863599,76.01566613072322,-354.73029985143626,98.24320372729078,74.40414813200005,-360.8049269617407
96.0,0.365,0.765,0.275,0.655,0.975,-140.65517421795127,17.78006661508446,-158.43524083303572,-165.02013042597324,18.519925913638133,-233.5206326068407,19.62024777592088,165.12587454099958,-211.38038595687146
97.0,0.655,0.225,0.015,0.885,0.015,-91.29735185713162,18.79879384714417,-110.09614570427578,-197.05554345308457,73.60301360528881,-363.6867086883076,74.4064385647254,107.3633807440001,-337.6323931362372
98.0,0.775,0.785,0.325,0.935,0.415,-55.31943696739771,7.2922368513799745,-62.61167381877769,-145.57815970136792,40.02478603234711,-254.80095295261248,44.25672288467432,142.59676887600108,-230.98483777514377
99.0,0.085,0.445,0.605,0.275,0.375,-110.839985309834,11.37154291536242,-122.21152822519643,-172.6166263567499,27.492392046633125,-281.94981790953995,20.746537644746784,122.13417436199961,-241.1439532637445
